-- phpMyAdmin SQL Dump
-- version 5.1.0
-- https://www.phpmyadmin.net/
--
-- Host: 127.0.0.1
-- Generation Time: Apr 18, 2022 at 11:14 PM
-- Server version: 10.4.19-MariaDB
-- PHP Version: 8.0.6

SET SQL_MODE = "NO_AUTO_VALUE_ON_ZERO";
START TRANSACTION;
SET time_zone = "+00:00";


/*!40101 SET @OLD_CHARACTER_SET_CLIENT=@@CHARACTER_SET_CLIENT */;
/*!40101 SET @OLD_CHARACTER_SET_RESULTS=@@CHARACTER_SET_RESULTS */;
/*!40101 SET @OLD_COLLATION_CONNECTION=@@COLLATION_CONNECTION */;
/*!40101 SET NAMES utf8mb4 */;

--
-- Database: `rocket_chicken`
--

-- --------------------------------------------------------

--
-- Table structure for table `ci_sessions`
--

CREATE TABLE `ci_sessions` (
  `id` varchar(128) NOT NULL,
  `ip_address` varchar(45) NOT NULL,
  `timestamp` int(10) UNSIGNED NOT NULL DEFAULT 0,
  `data` blob NOT NULL
) ENGINE=InnoDB DEFAULT CHARSET=utf8mb4;

--
-- Dumping data for table `ci_sessions`
--

INSERT INTO `ci_sessions` (`id`, `ip_address`, `timestamp`, `data`) VALUES
('ebd7t243bv9v1ueh6lk0fhjgdkkum0b1', '::1', 1648962756, 0x5f5f63695f6c6173745f726567656e65726174657c693a313634383936323735363b7265646972656374696f6e7c4e3b5f5f4143544956455f53455353494f4e5f444154417c733a3235363a2238633734363530386665373862313137643937636135393537656332616564636231653664626135386261616465333134633132643136653066393139633437363461623737653235363139636434663463313264613665323933613063316535663232636362653366323163623736613938336534306231363934336638374231347a3137542f624a58716f3361683146747458797356597642306f6f6a6a73446d4d7449755342654446386b774e4238706137634d4e44414c3265376354567950687a30515277776a6d6d57485a765536724b6c4e2f6552594c4759734f32686f3061497173634e396e415a46583073563236457368316764754a6d3573223b),
('ulkfgqcj92no2pt3q1b67d9da8n7v3i0', '::1', 1648963103, 0x5f5f63695f6c6173745f726567656e65726174657c693a313634383936333130333b7265646972656374696f6e7c4e3b5f5f4143544956455f53455353494f4e5f444154417c733a3235363a2238633734363530386665373862313137643937636135393537656332616564636231653664626135386261616465333134633132643136653066393139633437363461623737653235363139636434663463313264613665323933613063316535663232636362653366323163623736613938336534306231363934336638374231347a3137542f624a58716f3361683146747458797356597642306f6f6a6a73446d4d7449755342654446386b774e4238706137634d4e44414c3265376354567950687a30515277776a6d6d57485a765536724b6c4e2f6552594c4759734f32686f3061497173634e396e415a46583073563236457368316764754a6d3573223b),
('f8i2ee4jn5nr12fnfniignqp7rcn5rom', '::1', 1648963409, 0x5f5f63695f6c6173745f726567656e65726174657c693a313634383936333430393b7265646972656374696f6e7c4e3b5f5f4143544956455f53455353494f4e5f444154417c733a3235363a2238633734363530386665373862313137643937636135393537656332616564636231653664626135386261616465333134633132643136653066393139633437363461623737653235363139636434663463313264613665323933613063316535663232636362653366323163623736613938336534306231363934336638374231347a3137542f624a58716f3361683146747458797356597642306f6f6a6a73446d4d7449755342654446386b774e4238706137634d4e44414c3265376354567950687a30515277776a6d6d57485a765536724b6c4e2f6552594c4759734f32686f3061497173634e396e415a46583073563236457368316764754a6d3573223b),
('idl7acej4k7apvakibl1gor6nus6p9ft', '::1', 1648963744, 0x5f5f63695f6c6173745f726567656e65726174657c693a313634383936333734343b7265646972656374696f6e7c4e3b5f5f4143544956455f53455353494f4e5f444154417c733a3235363a2238633734363530386665373862313137643937636135393537656332616564636231653664626135386261616465333134633132643136653066393139633437363461623737653235363139636434663463313264613665323933613063316535663232636362653366323163623736613938336534306231363934336638374231347a3137542f624a58716f3361683146747458797356597642306f6f6a6a73446d4d7449755342654446386b774e4238706137634d4e44414c3265376354567950687a30515277776a6d6d57485a765536724b6c4e2f6552594c4759734f32686f3061497173634e396e415a46583073563236457368316764754a6d3573223b),
('3t6gga7nitgn6r4cpbm6i006r25vgan2', '::1', 1648964050, 0x5f5f63695f6c6173745f726567656e65726174657c693a313634383936343035303b7265646972656374696f6e7c4e3b5f5f4143544956455f53455353494f4e5f444154417c733a3235363a2238633734363530386665373862313137643937636135393537656332616564636231653664626135386261616465333134633132643136653066393139633437363461623737653235363139636434663463313264613665323933613063316535663232636362653366323163623736613938336534306231363934336638374231347a3137542f624a58716f3361683146747458797356597642306f6f6a6a73446d4d7449755342654446386b774e4238706137634d4e44414c3265376354567950687a30515277776a6d6d57485a765536724b6c4e2f6552594c4759734f32686f3061497173634e396e415a46583073563236457368316764754a6d3573223b),
('0e3sd24amvk7341l9doje0glv89k4s8g', '::1', 1648964359, 0x5f5f63695f6c6173745f726567656e65726174657c693a313634383936343335393b7265646972656374696f6e7c4e3b5f5f4143544956455f53455353494f4e5f444154417c733a3235363a2238633734363530386665373862313137643937636135393537656332616564636231653664626135386261616465333134633132643136653066393139633437363461623737653235363139636434663463313264613665323933613063316535663232636362653366323163623736613938336534306231363934336638374231347a3137542f624a58716f3361683146747458797356597642306f6f6a6a73446d4d7449755342654446386b774e4238706137634d4e44414c3265376354567950687a30515277776a6d6d57485a765536724b6c4e2f6552594c4759734f32686f3061497173634e396e415a46583073563236457368316764754a6d3573223b),
('ig8eus3jfcub4dih31g1r8k0akrl7nct', '::1', 1648964753, 0x5f5f63695f6c6173745f726567656e65726174657c693a313634383936343735333b7265646972656374696f6e7c4e3b5f5f4143544956455f53455353494f4e5f444154417c733a3235363a2238633734363530386665373862313137643937636135393537656332616564636231653664626135386261616465333134633132643136653066393139633437363461623737653235363139636434663463313264613665323933613063316535663232636362653366323163623736613938336534306231363934336638374231347a3137542f624a58716f3361683146747458797356597642306f6f6a6a73446d4d7449755342654446386b774e4238706137634d4e44414c3265376354567950687a30515277776a6d6d57485a765536724b6c4e2f6552594c4759734f32686f3061497173634e396e415a46583073563236457368316764754a6d3573223b),
('lgo3l3l82vlnr2spqu9q3kvammb9n5s4', '::1', 1648965074, 0x5f5f63695f6c6173745f726567656e65726174657c693a313634383936353037343b7265646972656374696f6e7c4e3b5f5f4143544956455f53455353494f4e5f444154417c733a3235363a2238633734363530386665373862313137643937636135393537656332616564636231653664626135386261616465333134633132643136653066393139633437363461623737653235363139636434663463313264613665323933613063316535663232636362653366323163623736613938336534306231363934336638374231347a3137542f624a58716f3361683146747458797356597642306f6f6a6a73446d4d7449755342654446386b774e4238706137634d4e44414c3265376354567950687a30515277776a6d6d57485a765536724b6c4e2f6552594c4759734f32686f3061497173634e396e415a46583073563236457368316764754a6d3573223b),
('kh5rrugpd3eni491gdpvq63q02rv03bt', '::1', 1648965497, 0x5f5f63695f6c6173745f726567656e65726174657c693a313634383936353439373b7265646972656374696f6e7c4e3b5f5f4143544956455f53455353494f4e5f444154417c733a3235363a2238633734363530386665373862313137643937636135393537656332616564636231653664626135386261616465333134633132643136653066393139633437363461623737653235363139636434663463313264613665323933613063316535663232636362653366323163623736613938336534306231363934336638374231347a3137542f624a58716f3361683146747458797356597642306f6f6a6a73446d4d7449755342654446386b774e4238706137634d4e44414c3265376354567950687a30515277776a6d6d57485a765536724b6c4e2f6552594c4759734f32686f3061497173634e396e415a46583073563236457368316764754a6d3573223b),
('04dm8jkmsl7fg8kuas0bkmrgenutkkhj', '::1', 1648965799, 0x5f5f63695f6c6173745f726567656e65726174657c693a313634383936353739393b7265646972656374696f6e7c4e3b5f5f4143544956455f53455353494f4e5f444154417c733a3235363a2238633734363530386665373862313137643937636135393537656332616564636231653664626135386261616465333134633132643136653066393139633437363461623737653235363139636434663463313264613665323933613063316535663232636362653366323163623736613938336534306231363934336638374231347a3137542f624a58716f3361683146747458797356597642306f6f6a6a73446d4d7449755342654446386b774e4238706137634d4e44414c3265376354567950687a30515277776a6d6d57485a765536724b6c4e2f6552594c4759734f32686f3061497173634e396e415a46583073563236457368316764754a6d3573223b),
('9pr07j5q6n8p05lfg2tj80hhvgckfieq', '::1', 1648966180, 0x5f5f63695f6c6173745f726567656e65726174657c693a313634383936363138303b7265646972656374696f6e7c4e3b5f5f4143544956455f53455353494f4e5f444154417c733a3235363a2238633734363530386665373862313137643937636135393537656332616564636231653664626135386261616465333134633132643136653066393139633437363461623737653235363139636434663463313264613665323933613063316535663232636362653366323163623736613938336534306231363934336638374231347a3137542f624a58716f3361683146747458797356597642306f6f6a6a73446d4d7449755342654446386b774e4238706137634d4e44414c3265376354567950687a30515277776a6d6d57485a765536724b6c4e2f6552594c4759734f32686f3061497173634e396e415a46583073563236457368316764754a6d3573223b),
('3njcr5fr2n541gdudfuegfm009n0ipfk', '::1', 1648966515, 0x5f5f63695f6c6173745f726567656e65726174657c693a313634383936363531353b7265646972656374696f6e7c4e3b5f5f4143544956455f53455353494f4e5f444154417c733a3235363a2238633734363530386665373862313137643937636135393537656332616564636231653664626135386261616465333134633132643136653066393139633437363461623737653235363139636434663463313264613665323933613063316535663232636362653366323163623736613938336534306231363934336638374231347a3137542f624a58716f3361683146747458797356597642306f6f6a6a73446d4d7449755342654446386b774e4238706137634d4e44414c3265376354567950687a30515277776a6d6d57485a765536724b6c4e2f6552594c4759734f32686f3061497173634e396e415a46583073563236457368316764754a6d3573223b70726f66696c657c733a32373a2250726f66696c20626572686173696c206469706572626172756921223b5f5f63695f766172737c613a313a7b733a373a2270726f66696c65223b733a333a226f6c64223b7d),
('fnfrbirp2hepvn4f3hn62u356cto7qon', '::1', 1648966819, 0x5f5f63695f6c6173745f726567656e65726174657c693a313634383936363831393b7265646972656374696f6e7c4e3b5f5f4143544956455f53455353494f4e5f444154417c733a3235363a2238633734363530386665373862313137643937636135393537656332616564636231653664626135386261616465333134633132643136653066393139633437363461623737653235363139636434663463313264613665323933613063316535663232636362653366323163623736613938336534306231363934336638374231347a3137542f624a58716f3361683146747458797356597642306f6f6a6a73446d4d7449755342654446386b774e4238706137634d4e44414c3265376354567950687a30515277776a6d6d57485a765536724b6c4e2f6552594c4759734f32686f3061497173634e396e415a46583073563236457368316764754a6d3573223b70726f66696c657c733a32373a2250726f66696c20626572686173696c206469706572626172756921223b5f5f63695f766172737c613a313a7b733a373a2270726f66696c65223b733a333a226f6c64223b7d),
('hlb1faiops8spkriastrc5cqtbjbn28s', '::1', 1648967133, 0x5f5f63695f6c6173745f726567656e65726174657c693a313634383936373133333b7265646972656374696f6e7c4e3b5f5f4143544956455f53455353494f4e5f444154417c733a3235363a2238633734363530386665373862313137643937636135393537656332616564636231653664626135386261616465333134633132643136653066393139633437363461623737653235363139636434663463313264613665323933613063316535663232636362653366323163623736613938336534306231363934336638374231347a3137542f624a58716f3361683146747458797356597642306f6f6a6a73446d4d7449755342654446386b774e4238706137634d4e44414c3265376354567950687a30515277776a6d6d57485a765536724b6c4e2f6552594c4759734f32686f3061497173634e396e415a46583073563236457368316764754a6d3573223b70726f66696c657c733a32373a2250726f66696c20626572686173696c206469706572626172756921223b5f5f63695f766172737c613a313a7b733a373a2270726f66696c65223b733a333a226f6c64223b7d),
('t26105cuj8lifbtf2b7bbfaucrhejb2h', '::1', 1648967444, 0x5f5f63695f6c6173745f726567656e65726174657c693a313634383936373434343b7265646972656374696f6e7c4e3b5f5f4143544956455f53455353494f4e5f444154417c733a3235363a2238633734363530386665373862313137643937636135393537656332616564636231653664626135386261616465333134633132643136653066393139633437363461623737653235363139636434663463313264613665323933613063316535663232636362653366323163623736613938336534306231363934336638374231347a3137542f624a58716f3361683146747458797356597642306f6f6a6a73446d4d7449755342654446386b774e4238706137634d4e44414c3265376354567950687a30515277776a6d6d57485a765536724b6c4e2f6552594c4759734f32686f3061497173634e396e415a46583073563236457368316764754a6d3573223b70726f66696c657c733a32373a2250726f66696c20626572686173696c206469706572626172756921223b5f5f63695f766172737c613a313a7b733a373a2270726f66696c65223b733a333a226f6c64223b7d),
('gcn7fhpd8u5k00ancop4r7akipb4j1ti', '::1', 1648967826, 0x5f5f63695f6c6173745f726567656e65726174657c693a313634383936373832363b7265646972656374696f6e7c4e3b5f5f4143544956455f53455353494f4e5f444154417c733a3235363a2238633734363530386665373862313137643937636135393537656332616564636231653664626135386261616465333134633132643136653066393139633437363461623737653235363139636434663463313264613665323933613063316535663232636362653366323163623736613938336534306231363934336638374231347a3137542f624a58716f3361683146747458797356597642306f6f6a6a73446d4d7449755342654446386b774e4238706137634d4e44414c3265376354567950687a30515277776a6d6d57485a765536724b6c4e2f6552594c4759734f32686f3061497173634e396e415a46583073563236457368316764754a6d3573223b70726f66696c657c733a32373a2250726f66696c20626572686173696c206469706572626172756921223b5f5f63695f766172737c613a313a7b733a373a2270726f66696c65223b733a333a226f6c64223b7d),
('83c1tm9d1ldc9mrh0cifcq6sujrkf3fl', '::1', 1648968169, 0x5f5f63695f6c6173745f726567656e65726174657c693a313634383936383136393b7265646972656374696f6e7c4e3b5f5f4143544956455f53455353494f4e5f444154417c733a3235363a2238633734363530386665373862313137643937636135393537656332616564636231653664626135386261616465333134633132643136653066393139633437363461623737653235363139636434663463313264613665323933613063316535663232636362653366323163623736613938336534306231363934336638374231347a3137542f624a58716f3361683146747458797356597642306f6f6a6a73446d4d7449755342654446386b774e4238706137634d4e44414c3265376354567950687a30515277776a6d6d57485a765536724b6c4e2f6552594c4759734f32686f3061497173634e396e415a46583073563236457368316764754a6d3573223b70726f66696c657c733a32373a2250726f66696c20626572686173696c206469706572626172756921223b5f5f63695f766172737c613a313a7b733a373a2270726f66696c65223b733a333a226f6c64223b7d),
('2ik6tdm01fjs2vnjslejkm0750a8ndgd', '::1', 1648968494, 0x5f5f63695f6c6173745f726567656e65726174657c693a313634383936383439343b7265646972656374696f6e7c4e3b5f5f4143544956455f53455353494f4e5f444154417c733a3235363a2238633734363530386665373862313137643937636135393537656332616564636231653664626135386261616465333134633132643136653066393139633437363461623737653235363139636434663463313264613665323933613063316535663232636362653366323163623736613938336534306231363934336638374231347a3137542f624a58716f3361683146747458797356597642306f6f6a6a73446d4d7449755342654446386b774e4238706137634d4e44414c3265376354567950687a30515277776a6d6d57485a765536724b6c4e2f6552594c4759734f32686f3061497173634e396e415a46583073563236457368316764754a6d3573223b70726f66696c657c733a32373a2250726f66696c20626572686173696c206469706572626172756921223b5f5f63695f766172737c613a313a7b733a373a2270726f66696c65223b733a333a226f6c64223b7d),
('qebtehh5tp14jmqk3enolt710oo5npge', '::1', 1648968841, 0x5f5f63695f6c6173745f726567656e65726174657c693a313634383936383834313b7265646972656374696f6e7c4e3b5f5f4143544956455f53455353494f4e5f444154417c733a3235363a2238633734363530386665373862313137643937636135393537656332616564636231653664626135386261616465333134633132643136653066393139633437363461623737653235363139636434663463313264613665323933613063316535663232636362653366323163623736613938336534306231363934336638374231347a3137542f624a58716f3361683146747458797356597642306f6f6a6a73446d4d7449755342654446386b774e4238706137634d4e44414c3265376354567950687a30515277776a6d6d57485a765536724b6c4e2f6552594c4759734f32686f3061497173634e396e415a46583073563236457368316764754a6d3573223b70726f66696c657c733a32373a2250726f66696c20626572686173696c206469706572626172756921223b5f5f63695f766172737c613a313a7b733a373a2270726f66696c65223b733a333a226f6c64223b7d),
('n6isqdbuubaqdfnokqmv47odnrgat260', '::1', 1648969145, 0x5f5f63695f6c6173745f726567656e65726174657c693a313634383936393134353b7265646972656374696f6e7c4e3b5f5f4143544956455f53455353494f4e5f444154417c733a3235363a2238633734363530386665373862313137643937636135393537656332616564636231653664626135386261616465333134633132643136653066393139633437363461623737653235363139636434663463313264613665323933613063316535663232636362653366323163623736613938336534306231363934336638374231347a3137542f624a58716f3361683146747458797356597642306f6f6a6a73446d4d7449755342654446386b774e4238706137634d4e44414c3265376354567950687a30515277776a6d6d57485a765536724b6c4e2f6552594c4759734f32686f3061497173634e396e415a46583073563236457368316764754a6d3573223b70726f66696c657c733a32373a2250726f66696c20626572686173696c206469706572626172756921223b5f5f63695f766172737c613a313a7b733a373a2270726f66696c65223b733a333a226f6c64223b7d),
('bsif9gm9vor7p46k8lu64b4ss4g1hkg3', '::1', 1648969448, 0x5f5f63695f6c6173745f726567656e65726174657c693a313634383936393434383b7265646972656374696f6e7c4e3b5f5f4143544956455f53455353494f4e5f444154417c733a3235363a2238633734363530386665373862313137643937636135393537656332616564636231653664626135386261616465333134633132643136653066393139633437363461623737653235363139636434663463313264613665323933613063316535663232636362653366323163623736613938336534306231363934336638374231347a3137542f624a58716f3361683146747458797356597642306f6f6a6a73446d4d7449755342654446386b774e4238706137634d4e44414c3265376354567950687a30515277776a6d6d57485a765536724b6c4e2f6552594c4759734f32686f3061497173634e396e415a46583073563236457368316764754a6d3573223b70726f66696c657c733a32373a2250726f66696c20626572686173696c206469706572626172756921223b5f5f63695f766172737c613a313a7b733a373a2270726f66696c65223b733a333a226f6c64223b7d),
('uhkb362ipiuk32fo54pps7asbu0ad18k', '::1', 1648969834, 0x5f5f63695f6c6173745f726567656e65726174657c693a313634383936393833343b7265646972656374696f6e7c4e3b5f5f4143544956455f53455353494f4e5f444154417c733a3235363a2238633734363530386665373862313137643937636135393537656332616564636231653664626135386261616465333134633132643136653066393139633437363461623737653235363139636434663463313264613665323933613063316535663232636362653366323163623736613938336534306231363934336638374231347a3137542f624a58716f3361683146747458797356597642306f6f6a6a73446d4d7449755342654446386b774e4238706137634d4e44414c3265376354567950687a30515277776a6d6d57485a765536724b6c4e2f6552594c4759734f32686f3061497173634e396e415a46583073563236457368316764754a6d3573223b70726f66696c657c733a32373a2250726f66696c20626572686173696c206469706572626172756921223b5f5f63695f766172737c613a323a7b733a373a2270726f66696c65223b733a333a226f6c64223b733a31313a226f726465725f666c617368223b733a333a226f6c64223b7d6f726465725f666c6173687c733a32363a224f7264657220626572686173696c20646974616d6261686b616e223b),
('ibtqqrskuo7igclnjoe6sa7413md9nr4', '::1', 1648970155, 0x5f5f63695f6c6173745f726567656e65726174657c693a313634383937303135353b7265646972656374696f6e7c4e3b5f5f4143544956455f53455353494f4e5f444154417c733a3235363a2238633734363530386665373862313137643937636135393537656332616564636231653664626135386261616465333134633132643136653066393139633437363461623737653235363139636434663463313264613665323933613063316535663232636362653366323163623736613938336534306231363934336638374231347a3137542f624a58716f3361683146747458797356597642306f6f6a6a73446d4d7449755342654446386b774e4238706137634d4e44414c3265376354567950687a30515277776a6d6d57485a765536724b6c4e2f6552594c4759734f32686f3061497173634e396e415a46583073563236457368316764754a6d3573223b70726f66696c657c733a32373a2250726f66696c20626572686173696c206469706572626172756921223b5f5f63695f766172737c613a323a7b733a373a2270726f66696c65223b733a333a226f6c64223b733a31313a226f726465725f666c617368223b733a333a226f6c64223b7d6f726465725f666c6173687c733a32363a224f7264657220626572686173696c20646974616d6261686b616e223b),
('p609rnlniv7q9rootlf5ltbdj02fhfht', '::1', 1648970483, 0x5f5f63695f6c6173745f726567656e65726174657c693a313634383937303438333b7265646972656374696f6e7c4e3b5f5f4143544956455f53455353494f4e5f444154417c733a3235363a2238633734363530386665373862313137643937636135393537656332616564636231653664626135386261616465333134633132643136653066393139633437363461623737653235363139636434663463313264613665323933613063316535663232636362653366323163623736613938336534306231363934336638374231347a3137542f624a58716f3361683146747458797356597642306f6f6a6a73446d4d7449755342654446386b774e4238706137634d4e44414c3265376354567950687a30515277776a6d6d57485a765536724b6c4e2f6552594c4759734f32686f3061497173634e396e415a46583073563236457368316764754a6d3573223b70726f66696c657c733a32373a2250726f66696c20626572686173696c206469706572626172756921223b5f5f63695f766172737c613a323a7b733a373a2270726f66696c65223b733a333a226f6c64223b733a31313a226f726465725f666c617368223b733a333a226f6c64223b7d6f726465725f666c6173687c733a32363a224f7264657220626572686173696c20646974616d6261686b616e223b),
('3es810k5ihpm16f3isqf4mn7ddl4gmmj', '::1', 1648970807, 0x5f5f63695f6c6173745f726567656e65726174657c693a313634383937303830373b7265646972656374696f6e7c4e3b5f5f4143544956455f53455353494f4e5f444154417c733a3235363a2238633734363530386665373862313137643937636135393537656332616564636231653664626135386261616465333134633132643136653066393139633437363461623737653235363139636434663463313264613665323933613063316535663232636362653366323163623736613938336534306231363934336638374231347a3137542f624a58716f3361683146747458797356597642306f6f6a6a73446d4d7449755342654446386b774e4238706137634d4e44414c3265376354567950687a30515277776a6d6d57485a765536724b6c4e2f6552594c4759734f32686f3061497173634e396e415a46583073563236457368316764754a6d3573223b70726f66696c657c733a32373a2250726f66696c20626572686173696c206469706572626172756921223b5f5f63695f766172737c613a323a7b733a373a2270726f66696c65223b733a333a226f6c64223b733a31313a226f726465725f666c617368223b733a333a226f6c64223b7d6f726465725f666c6173687c733a32363a224f7264657220626572686173696c20646974616d6261686b616e223b),
('c1vdv7tfgghedubli7vt3fuvlouq6jai', '::1', 1648971116, 0x5f5f63695f6c6173745f726567656e65726174657c693a313634383937313131363b7265646972656374696f6e7c4e3b5f5f4143544956455f53455353494f4e5f444154417c733a3235363a2238633734363530386665373862313137643937636135393537656332616564636231653664626135386261616465333134633132643136653066393139633437363461623737653235363139636434663463313264613665323933613063316535663232636362653366323163623736613938336534306231363934336638374231347a3137542f624a58716f3361683146747458797356597642306f6f6a6a73446d4d7449755342654446386b774e4238706137634d4e44414c3265376354567950687a30515277776a6d6d57485a765536724b6c4e2f6552594c4759734f32686f3061497173634e396e415a46583073563236457368316764754a6d3573223b70726f66696c657c733a32373a2250726f66696c20626572686173696c206469706572626172756921223b5f5f63695f766172737c613a323a7b733a373a2270726f66696c65223b733a333a226f6c64223b733a31313a226f726465725f666c617368223b733a333a226f6c64223b7d6f726465725f666c6173687c733a32363a224f7264657220626572686173696c20646974616d6261686b616e223b),
('faneje1mb64epojcakq4056esg3bus1r', '::1', 1648971418, 0x5f5f63695f6c6173745f726567656e65726174657c693a313634383937313431383b7265646972656374696f6e7c4e3b5f5f4143544956455f53455353494f4e5f444154417c733a3235363a2238633734363530386665373862313137643937636135393537656332616564636231653664626135386261616465333134633132643136653066393139633437363461623737653235363139636434663463313264613665323933613063316535663232636362653366323163623736613938336534306231363934336638374231347a3137542f624a58716f3361683146747458797356597642306f6f6a6a73446d4d7449755342654446386b774e4238706137634d4e44414c3265376354567950687a30515277776a6d6d57485a765536724b6c4e2f6552594c4759734f32686f3061497173634e396e415a46583073563236457368316764754a6d3573223b70726f66696c657c733a32373a2250726f66696c20626572686173696c206469706572626172756921223b5f5f63695f766172737c613a323a7b733a373a2270726f66696c65223b733a333a226f6c64223b733a31313a226f726465725f666c617368223b733a333a226f6c64223b7d6f726465725f666c6173687c733a32363a224f7264657220626572686173696c20646974616d6261686b616e223b),
('lh0s4hd487qridluqh56cf1iilqafrei', '::1', 1648971726, 0x5f5f63695f6c6173745f726567656e65726174657c693a313634383937313732363b7265646972656374696f6e7c4e3b5f5f4143544956455f53455353494f4e5f444154417c733a3235363a2238633734363530386665373862313137643937636135393537656332616564636231653664626135386261616465333134633132643136653066393139633437363461623737653235363139636434663463313264613665323933613063316535663232636362653366323163623736613938336534306231363934336638374231347a3137542f624a58716f3361683146747458797356597642306f6f6a6a73446d4d7449755342654446386b774e4238706137634d4e44414c3265376354567950687a30515277776a6d6d57485a765536724b6c4e2f6552594c4759734f32686f3061497173634e396e415a46583073563236457368316764754a6d3573223b70726f66696c657c733a32373a2250726f66696c20626572686173696c206469706572626172756921223b5f5f63695f766172737c613a323a7b733a373a2270726f66696c65223b733a333a226f6c64223b733a31313a226f726465725f666c617368223b733a333a226f6c64223b7d6f726465725f666c6173687c733a32363a224f7264657220626572686173696c20646974616d6261686b616e223b),
('o5dabgfvl19aqja4mkbembeqpe7ea08o', '::1', 1648972033, 0x5f5f63695f6c6173745f726567656e65726174657c693a313634383937323033333b7265646972656374696f6e7c4e3b5f5f4143544956455f53455353494f4e5f444154417c733a3235363a2238633734363530386665373862313137643937636135393537656332616564636231653664626135386261616465333134633132643136653066393139633437363461623737653235363139636434663463313264613665323933613063316535663232636362653366323163623736613938336534306231363934336638374231347a3137542f624a58716f3361683146747458797356597642306f6f6a6a73446d4d7449755342654446386b774e4238706137634d4e44414c3265376354567950687a30515277776a6d6d57485a765536724b6c4e2f6552594c4759734f32686f3061497173634e396e415a46583073563236457368316764754a6d3573223b70726f66696c657c733a32373a2250726f66696c20626572686173696c206469706572626172756921223b5f5f63695f766172737c613a323a7b733a373a2270726f66696c65223b733a333a226f6c64223b733a31313a226f726465725f666c617368223b733a333a226f6c64223b7d6f726465725f666c6173687c733a32363a224f7264657220626572686173696c20646974616d6261686b616e223b),
('v8mjkeo4ktqm1f7kp61u69qrtmpq1d66', '::1', 1648972336, 0x5f5f63695f6c6173745f726567656e65726174657c693a313634383937323333363b7265646972656374696f6e7c4e3b5f5f4143544956455f53455353494f4e5f444154417c733a3235363a2238633734363530386665373862313137643937636135393537656332616564636231653664626135386261616465333134633132643136653066393139633437363461623737653235363139636434663463313264613665323933613063316535663232636362653366323163623736613938336534306231363934336638374231347a3137542f624a58716f3361683146747458797356597642306f6f6a6a73446d4d7449755342654446386b774e4238706137634d4e44414c3265376354567950687a30515277776a6d6d57485a765536724b6c4e2f6552594c4759734f32686f3061497173634e396e415a46583073563236457368316764754a6d3573223b70726f66696c657c733a32373a2250726f66696c20626572686173696c206469706572626172756921223b5f5f63695f766172737c613a323a7b733a373a2270726f66696c65223b733a333a226f6c64223b733a31313a226f726465725f666c617368223b733a333a226f6c64223b7d6f726465725f666c6173687c733a32363a224f7264657220626572686173696c20646974616d6261686b616e223b),
('l5m0njt83eder0pftusrbfiabl51kp9t', '::1', 1648972641, 0x5f5f63695f6c6173745f726567656e65726174657c693a313634383937323634313b7265646972656374696f6e7c4e3b5f5f4143544956455f53455353494f4e5f444154417c733a3235363a2238633734363530386665373862313137643937636135393537656332616564636231653664626135386261616465333134633132643136653066393139633437363461623737653235363139636434663463313264613665323933613063316535663232636362653366323163623736613938336534306231363934336638374231347a3137542f624a58716f3361683146747458797356597642306f6f6a6a73446d4d7449755342654446386b774e4238706137634d4e44414c3265376354567950687a30515277776a6d6d57485a765536724b6c4e2f6552594c4759734f32686f3061497173634e396e415a46583073563236457368316764754a6d3573223b70726f66696c657c733a32373a2250726f66696c20626572686173696c206469706572626172756921223b5f5f63695f766172737c613a323a7b733a373a2270726f66696c65223b733a333a226f6c64223b733a31313a226f726465725f666c617368223b733a333a226f6c64223b7d6f726465725f666c6173687c733a32363a224f7264657220626572686173696c20646974616d6261686b616e223b),
('qsbkpl2all4o76o4p9s755qhlfvpdp7i', '::1', 1648973314, 0x5f5f63695f6c6173745f726567656e65726174657c693a313634383937333331343b7265646972656374696f6e7c4e3b5f5f4143544956455f53455353494f4e5f444154417c733a3235363a2238633734363530386665373862313137643937636135393537656332616564636231653664626135386261616465333134633132643136653066393139633437363461623737653235363139636434663463313264613665323933613063316535663232636362653366323163623736613938336534306231363934336638374231347a3137542f624a58716f3361683146747458797356597642306f6f6a6a73446d4d7449755342654446386b774e4238706137634d4e44414c3265376354567950687a30515277776a6d6d57485a765536724b6c4e2f6552594c4759734f32686f3061497173634e396e415a46583073563236457368316764754a6d3573223b70726f66696c657c733a32373a2250726f66696c20626572686173696c206469706572626172756921223b5f5f63695f766172737c613a323a7b733a373a2270726f66696c65223b733a333a226f6c64223b733a31313a226f726465725f666c617368223b733a333a226f6c64223b7d6f726465725f666c6173687c733a32363a224f7264657220626572686173696c20646974616d6261686b616e223b),
('fq3d2a7fvps6fncomavd926r2j8m2v1o', '::1', 1648973618, 0x5f5f63695f6c6173745f726567656e65726174657c693a313634383937333631383b7265646972656374696f6e7c4e3b5f5f4143544956455f53455353494f4e5f444154417c733a3235363a2238633734363530386665373862313137643937636135393537656332616564636231653664626135386261616465333134633132643136653066393139633437363461623737653235363139636434663463313264613665323933613063316535663232636362653366323163623736613938336534306231363934336638374231347a3137542f624a58716f3361683146747458797356597642306f6f6a6a73446d4d7449755342654446386b774e4238706137634d4e44414c3265376354567950687a30515277776a6d6d57485a765536724b6c4e2f6552594c4759734f32686f3061497173634e396e415a46583073563236457368316764754a6d3573223b70726f66696c657c733a32373a2250726f66696c20626572686173696c206469706572626172756921223b5f5f63695f766172737c613a323a7b733a373a2270726f66696c65223b733a333a226f6c64223b733a31313a226f726465725f666c617368223b733a333a226f6c64223b7d6f726465725f666c6173687c733a32363a224f7264657220626572686173696c20646974616d6261686b616e223b),
('rhs8fuhq85911ifn66t76l61kd44m1vs', '::1', 1648973920, 0x5f5f63695f6c6173745f726567656e65726174657c693a313634383937333932303b7265646972656374696f6e7c4e3b70726f66696c657c733a32373a2250726f66696c20626572686173696c206469706572626172756921223b5f5f63695f766172737c613a333a7b733a373a2270726f66696c65223b733a333a226f6c64223b733a31313a226f726465725f666c617368223b733a333a226f6c64223b733a31313a226c6f67696e5f666c617368223b733a333a226f6c64223b7d6f726465725f666c6173687c733a32363a2253746174757320626572686173696c2064697065726261727569223b6c6f67696e5f666c6173687c733a36383a223c64697620636c6173733d22616c65727420616c6572742d64616e6765722220726f6c653d22616c657274223e426572686173696c204c6f676f7574212e3c2f6469763e223b5f5f4143544956455f53455353494f4e5f444154417c733a3235363a22616636633837656461313833333065373531333263623434383032303961353834326364373936653266653935613834316130363633313234323762303962386262316234333064393965383562343937666530326666316533633164663634346661633835303035373462633365333137383237353732656134373531366466444c376569576f32774447484430306b507a58307a52514b383153475653794a567457692f2f2f4f70704e76554d796734676e7654502b3679453173625568317072313753314362545a345577716e414e446c774f51306e747735533863796b667757306f6a664651694e774563726b472f55574361314e795652504b446a223b),
('u4qaj4vn141f6q9ts73jft6jgrlokflt', '::1', 1648974065, 0x5f5f63695f6c6173745f726567656e65726174657c693a313634383937333932303b7265646972656374696f6e7c4e3b70726f66696c657c733a32373a2250726f66696c20626572686173696c206469706572626172756921223b5f5f63695f766172737c613a333a7b733a373a2270726f66696c65223b733a333a226f6c64223b733a31313a226f726465725f666c617368223b733a333a226f6c64223b733a31313a226c6f67696e5f666c617368223b733a333a226f6c64223b7d6f726465725f666c6173687c733a32363a2253746174757320626572686173696c2064697065726261727569223b6c6f67696e5f666c6173687c733a36383a223c64697620636c6173733d22616c65727420616c6572742d64616e6765722220726f6c653d22616c657274223e426572686173696c204c6f676f7574212e3c2f6469763e223b5f5f4143544956455f53455353494f4e5f444154417c733a3235363a2263366634623132653632643237356133373033333430376464623765333639656633386665353139343238323236616261653965386633333031363933633539376538346563333031643265396334633338303465306335333331323065386530646265343061643337343661663366626635333966386636613031306533357276504e664539444f3377466d36755348346568314e5a4b537a4864665968635a4c515a477241706c6358316a38545942385867566d676a586b71705836632b437554652f6237476e653041333066356452556c636f6879684251467567324e6933635a7745542f426d6d6c6947655a766d314f5148304c52434338516a684a223b),
('j4viv1ege8l3gn2fh8kaqliocqkps263', '::1', 1648976137, 0x5f5f63695f6c6173745f726567656e65726174657c693a313634383937363133373b),
('jeeki4u5t62v5eh1u0m964h9i2a3k87c', '::1', 1648976929, 0x5f5f63695f6c6173745f726567656e65726174657c693a313634383937363932393b),
('46mt3s4kcrsu3vogn57i21250774usnq', '::1', 1648977405, 0x5f5f63695f6c6173745f726567656e65726174657c693a313634383937373430353b7265646972656374696f6e7c4e3b),
('7it8n4pml0nfik0cmj0hlj41sa2kgnv5', '::1', 1648977848, 0x5f5f63695f6c6173745f726567656e65726174657c693a313634383937373834383b7265646972656374696f6e7c4e3b),
('qqiq7o82adhghl9mrnopj7gb4t0s46hj', '::1', 1648978222, 0x5f5f63695f6c6173745f726567656e65726174657c693a313634383937383232323b7265646972656374696f6e7c4e3b),
('05f218fpi11rtt3kt045ulammed8btd7', '::1', 1648978595, 0x5f5f63695f6c6173745f726567656e65726174657c693a313634383937383539353b7265646972656374696f6e7c4e3b73746f72655f666c6173687c733a32363a2250656e646166746172616e20616b756e20626572686173696c21223b5f5f63695f766172737c613a323a7b733a31313a2273746f72655f666c617368223b733a333a226f6c64223b733a31313a226c6f67696e5f666c617368223b733a333a226f6c64223b7d6c6f67696e5f666c6173687c733a36383a223c64697620636c6173733d22616c65727420616c6572742d64616e6765722220726f6c653d22616c657274223e426572686173696c204c6f676f7574212e3c2f6469763e223b),
('rtsjbjl0fa3goljem54tgolkakck41o3', '::1', 1648978930, 0x5f5f63695f6c6173745f726567656e65726174657c693a313634383937383933303b7265646972656374696f6e7c4e3b73746f72655f666c6173687c733a32363a2250656e646166746172616e20616b756e20626572686173696c21223b5f5f63695f766172737c613a323a7b733a31313a2273746f72655f666c617368223b733a333a226f6c64223b733a31313a226c6f67696e5f666c617368223b733a333a226f6c64223b7d6c6f67696e5f666c6173687c733a36383a223c64697620636c6173733d22616c65727420616c6572742d64616e6765722220726f6c653d22616c657274223e426572686173696c204c6f676f7574212e3c2f6469763e223b),
('873ac7ehq7sb311s56gae2e1r6ch06qr', '::1', 1648979251, 0x5f5f63695f6c6173745f726567656e65726174657c693a313634383937393235313b7265646972656374696f6e7c4e3b73746f72655f666c6173687c733a32363a2250656e646166746172616e20616b756e20626572686173696c21223b5f5f63695f766172737c613a323a7b733a31313a2273746f72655f666c617368223b733a333a226f6c64223b733a31313a226c6f67696e5f666c617368223b733a333a226f6c64223b7d6c6f67696e5f666c6173687c733a36383a223c64697620636c6173733d22616c65727420616c6572742d64616e6765722220726f6c653d22616c657274223e426572686173696c204c6f676f7574212e3c2f6469763e223b),
('0kcb022l6sq3u1sapm01ri6rt6393430', '::1', 1648979890, 0x5f5f63695f6c6173745f726567656e65726174657c693a313634383937393839303b7265646972656374696f6e7c4e3b73746f72655f666c6173687c733a32363a2250656e646166746172616e20616b756e20626572686173696c21223b5f5f63695f766172737c613a323a7b733a31313a2273746f72655f666c617368223b733a333a226f6c64223b733a31313a226c6f67696e5f666c617368223b733a333a226f6c64223b7d6c6f67696e5f666c6173687c733a36383a223c64697620636c6173733d22616c65727420616c6572742d64616e6765722220726f6c653d22616c657274223e426572686173696c204c6f676f7574212e3c2f6469763e223b),
('ql4bqkfs5s99ve8jp96kp24fa70cqul5', '::1', 1648979928, 0x5f5f63695f6c6173745f726567656e65726174657c693a313634383937393839303b7265646972656374696f6e7c4e3b73746f72655f666c6173687c733a32363a2250656e646166746172616e20616b756e20626572686173696c21223b5f5f63695f766172737c613a323a7b733a31313a2273746f72655f666c617368223b733a333a226f6c64223b733a31313a226c6f67696e5f666c617368223b733a333a226f6c64223b7d6c6f67696e5f666c6173687c733a36383a223c64697620636c6173733d22616c65727420616c6572742d64616e6765722220726f6c653d22616c657274223e426572686173696c204c6f676f7574212e3c2f6469763e223b),
('anh8to871o4f61ncqnv7gi478q7jdpik', '::1', 1649040881, 0x5f5f63695f6c6173745f726567656e65726174657c693a313634393034303638363b7265646972656374696f6e7c733a39323a226148523063446f764c327876593246736147397a6443397962324e725a585266593268705932746c62693970626d526c65433577614841765933567a644739745a584976634746356257567564484d76593239755a6d6c7962513d3d223b),
('f6k72e801blbumr03ftbhbv0ghq2kvuf', '::1', 1649136761, 0x5f5f63695f6c6173745f726567656e65726174657c693a313634393133363736303b),
('v1ji9ltcsb3b2dmd9t9okkif0oieq8ee', '::1', 1649480640, 0x5f5f63695f6c6173745f726567656e65726174657c693a313634393438303634303b),
('s9qqclea418a7hrc6a64rm201fqr6g24', '::1', 1650092417, 0x5f5f63695f6c6173745f726567656e65726174657c693a313635303039323431363b),
('c5kl2a9lm300dlssnpn7uero032e2vo8', '::1', 1650092617, 0x5f5f63695f6c6173745f726567656e65726174657c693a313635303039323431363b7265646972656374696f6e7c4e3b6c6f67696e5f666c6173687c733a36383a223c64697620636c6173733d22616c65727420616c6572742d64616e6765722220726f6c653d22616c657274223e426572686173696c204c6f676f7574212e3c2f6469763e223b5f5f63695f766172737c613a323a7b733a31313a226c6f67696e5f666c617368223b733a333a226f6c64223b733a31323a226f6c645f757365726e616d65223b733a333a226f6c64223b7d6f6c645f757365726e616d657c733a353a2261646d696e223b5f5f4143544956455f53455353494f4e5f444154417c733a3235363a2230343336383631373935346666633936353230356235656238623837363039633834643263343333383033396333396532303137353837613036363131303334373632323032326663343065353838643266373330623164646135366265383163343231383561316531613665643430643739303662346566616262396332395a797a4975396b6d6c5163564c412f6e6f58326d74384e44632b5038676a593467344f4d796d4569416f7755466d6c6570464e6177777a594a576477746d414367795265423030582b39767734796b6658636b7677572f314755544163616b7751696f3450352b7454686136715a4b2f50484f30476456576561314b7733684e223b636172745f636f6e74656e74737c613a333a7b733a31303a22636172745f746f74616c223b643a31333030303b733a31313a22746f74616c5f6974656d73223b643a313b733a33323a226338316537323864396434633266363336663036376638396363313438363263223b613a363a7b733a323a226964223b733a313a2232223b733a333a22717479223b643a313b733a353a227072696365223b643a31333030303b733a343a226e616d65223b733a383a22526f636b65742032223b733a353a22726f776964223b733a33323a226338316537323864396434633266363336663036376638396363313438363263223b733a383a22737562746f74616c223b643a31333030303b7d7d),
('ihf8o9gnu0opcv82nk9to32dr9fptcqp', '::1', 1650264250, 0x5f5f63695f6c6173745f726567656e65726174657c693a313635303236343234393b),
('j7lhrih55cg75da10idm4cdp42i7qa4m', '::1', 1650264250, 0x5f5f63695f6c6173745f726567656e65726174657c693a313635303236343235303b);

-- --------------------------------------------------------

--
-- Table structure for table `contacts`
--

CREATE TABLE `contacts` (
  `id` int(10) NOT NULL,
  `parent_id` int(10) DEFAULT NULL,
  `name` varchar(32) NOT NULL,
  `subject` varchar(128) DEFAULT NULL,
  `email` varchar(64) NOT NULL,
  `message` mediumtext NOT NULL,
  `contact_date` datetime DEFAULT NULL,
  `status` tinyint(1) DEFAULT 1,
  `reply_at` datetime DEFAULT NULL
) ENGINE=InnoDB DEFAULT CHARSET=utf8mb4;

--
-- Dumping data for table `contacts`
--

INSERT INTO `contacts` (`id`, `parent_id`, `name`, `subject`, `email`, `message`, `contact_date`, `status`, `reply_at`) VALUES
(1, NULL, 'aziz', 'Pengiriman kok lama?', 'aziz@gmail.com', 'pengiriman pesanan saya kok lama ya', '2020-03-29 07:40:13', 2, NULL),
(3, NULL, 'Aziz', 'phpmyadmin', 'customer@local.test', 'hallo gays', '2022-04-01 12:31:13', 2, NULL);

-- --------------------------------------------------------

--
-- Table structure for table `coupons`
--

CREATE TABLE `coupons` (
  `id` bigint(20) NOT NULL,
  `name` varchar(191) NOT NULL,
  `code` varchar(32) NOT NULL,
  `credit` decimal(8,2) NOT NULL,
  `start_date` date NOT NULL,
  `expired_date` date NOT NULL,
  `is_active` tinyint(4) DEFAULT 1
) ENGINE=InnoDB DEFAULT CHARSET=utf8mb4;

--
-- Dumping data for table `coupons`
--

INSERT INTO `coupons` (`id`, `name`, `code`, `credit`, `start_date`, `expired_date`, `is_active`) VALUES
(4, 'Berbagi Ramadhan', 'PUASA2022', '5000.00', '2022-04-01', '2022-05-01', 1),
(5, 'WELCOME JUNI', 'April Mop', '4000.00', '2022-04-01', '2022-05-01', 1);

-- --------------------------------------------------------

--
-- Table structure for table `customers`
--

CREATE TABLE `customers` (
  `id` bigint(20) NOT NULL,
  `user_id` bigint(20) UNSIGNED DEFAULT NULL,
  `name` varchar(191) NOT NULL,
  `phone_number` varchar(32) DEFAULT NULL,
  `address` varchar(191) NOT NULL,
  `profile_picture` varchar(191) DEFAULT NULL
) ENGINE=InnoDB DEFAULT CHARSET=utf8mb4;

--
-- Dumping data for table `customers`
--

INSERT INTO `customers` (`id`, `user_id`, `name`, `phone_number`, `address`, `profile_picture`) VALUES
(6, 7, 'Aziz', '08953788', 'kramat', 'admin1.png'),
(8, 9, 'naruto', '089777798887', 'konoha', NULL);

-- --------------------------------------------------------

--
-- Table structure for table `orders`
--

CREATE TABLE `orders` (
  `id` bigint(20) NOT NULL,
  `user_id` bigint(20) UNSIGNED DEFAULT NULL,
  `coupon_id` bigint(20) DEFAULT NULL,
  `order_number` varchar(16) NOT NULL,
  `order_status` enum('1','2','3','4','5') DEFAULT '1',
  `order_date` datetime NOT NULL,
  `total_price` decimal(8,2) DEFAULT NULL,
  `total_items` int(10) DEFAULT NULL,
  `payment_method` int(11) DEFAULT 1,
  `delivery_data` text DEFAULT NULL,
  `delivered_date` datetime DEFAULT NULL,
  `finish_date` datetime DEFAULT NULL
) ENGINE=InnoDB DEFAULT CHARSET=utf8mb4;

--
-- Dumping data for table `orders`
--

INSERT INTO `orders` (`id`, `user_id`, `coupon_id`, `order_number`, `order_status`, `order_date`, `total_price`, `total_items`, `payment_method`, `delivery_data`, `delivered_date`, `finish_date`) VALUES
(9, 7, NULL, 'ZCV352137461', '3', '2021-05-03 00:03:44', '62000.00', 3, 2, '{\"customer\":{\"name\":\"Aziz\",\"phone_number\":\"081328907767\",\"address\":\"maribaya, Bengkulu\"},\"note\":\"\"}', NULL, NULL),
(10, 7, NULL, 'WGY452127307', '4', '2021-05-04 10:31:43', '142000.00', 2, 1, '{\"customer\":{\"name\":\"da\",\"phone_number\":\"081328907767\",\"address\":\"tegal\"},\"note\":\"\"}', NULL, NULL),
(11, 7, NULL, 'XCB452117342', '4', '2021-05-04 10:35:42', '130000.00', 1, 1, '{\"customer\":{\"name\":\"da\",\"phone_number\":\"081328907767\",\"address\":\"tegal\"},\"note\":\"\"}', NULL, NULL),
(12, 7, NULL, 'CJJ1932217813', '3', '2022-03-19 07:25:34', '65000.00', 1, 2, '{\"customer\":{\"name\":\"aziz\",\"phone_number\":\"0875444677\",\"address\":\"maribaya\"},\"note\":\"\"}', NULL, NULL),
(13, 7, NULL, 'REV2032217958', '3', '2022-03-20 08:19:43', '11000.00', 1, 2, '{\"customer\":{\"name\":\"Aziz\",\"phone_number\":\"08953788\",\"address\":\"kramat\"},\"note\":\"\"}', NULL, NULL),
(14, 7, NULL, 'ZSU2232217356', '4', '2022-03-22 08:25:38', '10000.00', 1, 1, '{\"customer\":{\"name\":\"Aziz\",\"phone_number\":\"08953788\",\"address\":\"kramat\"},\"note\":\"\"}', NULL, NULL),
(15, 7, NULL, 'HOZ2632217153', '5', '2022-03-26 10:24:44', '16000.00', 1, 1, '{\"customer\":{\"name\":\"Aziz\",\"phone_number\":\"08953788\",\"address\":\"kramat\"},\"note\":\"\"}', NULL, NULL),
(16, 7, NULL, 'MRE2632217718', '4', '2022-03-26 10:26:06', '16000.00', 1, 1, '{\"customer\":{\"name\":\"Aziz \",\"phone_number\":\"08953788\",\"address\":\"kramat\"},\"note\":\"wwww\"}', NULL, NULL),
(17, 7, NULL, 'WYP142217103', '3', '2022-04-01 13:37:27', '10000.00', 1, 2, '{\"customer\":{\"name\":\"Aziz\",\"phone_number\":\"08953788\",\"address\":\"kramat\"},\"note\":\"sausnya yang banyak yah\"}', NULL, NULL),
(18, 7, NULL, 'SKJ342217279', '3', '2022-04-03 14:08:41', '16000.00', 1, 2, '{\"customer\":{\"name\":\"Aziz\",\"phone_number\":\"08953788\",\"address\":\"kramat\"},\"note\":\"\"}', NULL, NULL);

-- --------------------------------------------------------

--
-- Table structure for table `order_items`
--

CREATE TABLE `order_items` (
  `id` bigint(20) NOT NULL,
  `order_id` bigint(20) DEFAULT NULL,
  `product_id` bigint(20) DEFAULT NULL,
  `order_qty` int(10) NOT NULL,
  `order_price` decimal(8,2) DEFAULT NULL
) ENGINE=InnoDB DEFAULT CHARSET=utf8mb4;

--
-- Dumping data for table `order_items`
--

INSERT INTO `order_items` (`id`, `order_id`, `product_id`, `order_qty`, `order_price`) VALUES
(13, 9, 9, 1, '35000.00'),
(14, 9, 10, 1, '12000.00'),
(15, 9, 11, 1, '15000.00'),
(16, 10, 1, 2, '65000.00'),
(17, 10, 10, 1, '12000.00'),
(18, 11, 1, 2, '65000.00'),
(19, 12, 1, 1, '65000.00'),
(20, 13, 9, 1, '8000.00'),
(21, 14, 1, 1, '7000.00'),
(22, 15, 2, 1, '13000.00'),
(23, 16, 2, 1, '13000.00'),
(24, 17, 1, 1, '7000.00'),
(25, 18, 2, 1, '13000.00');

-- --------------------------------------------------------

--
-- Table structure for table `payments`
--

CREATE TABLE `payments` (
  `id` bigint(20) NOT NULL,
  `order_id` bigint(20) DEFAULT NULL,
  `payment_price` decimal(8,2) DEFAULT NULL,
  `payment_date` datetime NOT NULL,
  `picture_name` varchar(191) DEFAULT NULL,
  `payment_status` enum('1','2','3') DEFAULT '1',
  `confirmed_date` datetime DEFAULT NULL,
  `payment_data` text DEFAULT NULL
) ENGINE=InnoDB DEFAULT CHARSET=utf8mb4;

--
-- Dumping data for table `payments`
--

INSERT INTO `payments` (`id`, `order_id`, `payment_price`, `payment_date`, `picture_name`, `payment_status`, `confirmed_date`, `payment_data`) VALUES
(4, 5, '271000.00', '2020-03-29 08:20:39', 'category-1.jpg', '1', NULL, '{\"transfer_to\":\"bri\",\"source\":{\"bank\":\"Bank BRI\",\"name\":\"Aziz\",\"number\":\"12-345-678-9\"}}'),
(5, 7, '78000.00', '2020-03-30 08:51:08', 'html5.jpg', '2', NULL, '{\"transfer_to\":\"btn\",\"source\":{\"bank\":\"BANK BCA\",\"name\":\"MMS\",\"number\":\"123-456\"}}'),
(6, 11, '130000.00', '2021-05-04 10:39:11', 'REAKSI_ARTILERI-removebg-preview.png', NULL, NULL, '{\"transfer_to\":\"bank-bri\",\"source\":{\"bank\":\"we\",\"name\":\"ddf\",\"number\":\"123\"}}'),
(7, 10, '142000.00', '2022-03-19 08:09:10', 'turkey.png', '2', NULL, '{\"transfer_to\":\"bank-bri\",\"source\":{\"bank\":\"bank jago\",\"name\":\"aziz\",\"number\":\"123456789\"}}'),
(8, 14, '142000.00', '2022-03-22 08:26:37', 'admin.png', '2', NULL, '{\"transfer_to\":\"bank-bri\",\"source\":{\"bank\":\"bri\",\"name\":\"rio\",\"number\":\"1234444\"}}'),
(9, 16, '16000.00', '2022-03-26 10:27:08', 'chicken-leg.png', '2', NULL, '{\"transfer_to\":\"bank-bri\",\"source\":{\"bank\":\"bri\",\"name\":\"aziz\",\"number\":\"132455667777\"}}');

-- --------------------------------------------------------

--
-- Table structure for table `products`
--

CREATE TABLE `products` (
  `id` bigint(20) NOT NULL,
  `category_id` int(10) DEFAULT NULL,
  `sku` varchar(32) DEFAULT NULL,
  `name` varchar(191) NOT NULL,
  `description` varchar(191) DEFAULT NULL,
  `picture_name` varchar(191) DEFAULT NULL,
  `price` decimal(8,2) NOT NULL,
  `current_discount` decimal(8,2) DEFAULT 0.00,
  `stock` int(10) NOT NULL,
  `product_unit` varchar(32) DEFAULT NULL,
  `is_available` tinyint(1) DEFAULT 1,
  `add_date` datetime DEFAULT NULL
) ENGINE=InnoDB DEFAULT CHARSET=utf8mb4;

--
-- Dumping data for table `products`
--

INSERT INTO `products` (`id`, `category_id`, `sku`, `name`, `description`, `picture_name`, `price`, `current_discount`, `stock`, `product_unit`, `is_available`, `add_date`) VALUES
(1, 1, 'SB750372', 'Rocket 1', NULL, 'rocket01.jpg', '12000.00', '5000.00', 100, 'porsi', 1, '2020-03-26 15:02:52'),
(2, 1, 'BS350420', 'Rocket 2', NULL, 'rocket02.jpg', '15000.00', '2000.00', 10, 'porsi', 1, '2020-03-26 15:03:40'),
(4, 1, 'TS120790', 'Rocket 3', NULL, 'rocket03.jpg', '10000.00', '0.00', 20, 'porsi', 1, '2020-03-26 19:36:30'),
(5, 1, 'WS120811', 'Rocket 4', NULL, 'rocket04.jpg', '12000.00', '0.00', 20, 'porsi', 1, '2020-03-26 19:36:51'),
(8, 1, 'PS220885', 'Rocket 5', NULL, 'rocket05.jpg', '20000.00', '0.00', 20, 'porsi', 1, '2020-03-26 19:38:05'),
(9, 1, 'AB450163', 'Rocket 6', NULL, 'rocket06.jpg', '13000.00', '1000.00', 50, 'porsi', 1, '2020-03-26 19:42:43'),
(10, 1, 'BMS120283', 'Rocket 7', NULL, 'rocket07.jpg', '12000.00', '0.00', 20, 'porsi', 1, '2020-03-26 19:44:42'),
(11, 1, 'URS13301', 'Rocket 8', NULL, 'rocket08.jpg', '15000.00', '0.00', 3, 'porsi', 1, '2020-03-26 19:45:01'),
(12, 1, 'BPS15347', 'Rocket 9', NULL, 'rocket09.jpg', '15000.00', '0.00', 5, 'porsi', 1, '2020-03-26 19:45:47'),
(13, 1, 'KPS223370', 'es millo', NULL, 'da47fc30-2b11-4ea6-844d-3a82f0ce2a53_Go-Biz_20211006_135538.jpeg', '5000.00', '0.00', 23, 'porsi', 1, '2020-03-26 19:46:10'),
(14, 1, 'CMS410424', 'jus strobery', NULL, 'jus1.jpg', '7000.00', '1000.00', 10, 'porsi', 1, '2020-03-26 19:47:04');

-- --------------------------------------------------------

--
-- Table structure for table `product_category`
--

CREATE TABLE `product_category` (
  `id` int(10) NOT NULL,
  `name` varchar(191) NOT NULL
) ENGINE=InnoDB DEFAULT CHARSET=utf8mb4;

--
-- Dumping data for table `product_category`
--

INSERT INTO `product_category` (`id`, `name`) VALUES
(1, 'makanan'),
(2, 'minuman');

-- --------------------------------------------------------

--
-- Table structure for table `reviews`
--

CREATE TABLE `reviews` (
  `id` bigint(20) NOT NULL,
  `user_id` bigint(20) UNSIGNED DEFAULT NULL,
  `order_id` bigint(20) DEFAULT NULL,
  `title` varchar(191) DEFAULT NULL,
  `review_text` mediumtext NOT NULL,
  `review_date` datetime NOT NULL,
  `status` tinyint(1) NOT NULL DEFAULT 1
) ENGINE=InnoDB DEFAULT CHARSET=utf8mb4;

--
-- Dumping data for table `reviews`
--

INSERT INTO `reviews` (`id`, `user_id`, `order_id`, `title`, `review_text`, `review_date`, `status`) VALUES
(2, 7, 6, 'Sangat puas', 'Pengiriman cepat dan sayur segar', '2020-03-30 08:31:31', 1),
(3, 7, 5, 'Buah segar', 'Buah segar dan kualitasnya sangat bagus', '2020-03-30 08:33:10', 1),
(4, 7, 13, 'pp', 'ayamnya enak banget', '2022-03-21 11:49:25', 1);

-- --------------------------------------------------------

--
-- Table structure for table `settings`
--

CREATE TABLE `settings` (
  `id` int(10) NOT NULL,
  `key` varchar(32) NOT NULL,
  `content` text NOT NULL
) ENGINE=InnoDB DEFAULT CHARSET=utf8mb4;

--
-- Dumping data for table `settings`
--

INSERT INTO `settings` (`id`, `key`, `content`) VALUES
(1, 'current_theme_name', 'vegefoods'),
(2, 'store_name', 'Rocket chicken'),
(3, 'store_phone_number', '089537897988'),
(4, 'store_email', 'rocket@gmail.com'),
(5, 'store_tagline', 'pesan sekarang dalam 24 jam'),
(6, 'store_logo', 'BG1.jpg'),
(7, 'max_product_image_size', '20000'),
(8, 'store_description', 'pesan dirumah lebih cepat dan lebih hemat'),
(9, 'store_address', 'kramat'),
(10, 'min_shop_to_free_shipping_cost', '20000'),
(11, 'shipping_cost', '3000'),
(12, 'payment_banks', '{\"bank-bri\":{\"bank\":\"BRI\",\"number\":\"123345678\",\"name\":\"aziz\"},\"bank-bca\":{\"bank\":\"BCA\",\"number\":\"123456779\",\"name\":\"rida\"},\"bank-jateng\":{\"bank\":\"BANK JATENG\",\"number\":\"12678899\",\"name\":\"isna\"}}');

-- --------------------------------------------------------

--
-- Table structure for table `users`
--

CREATE TABLE `users` (
  `id` bigint(20) UNSIGNED NOT NULL,
  `name` varchar(50) COLLATE utf8mb4_unicode_ci DEFAULT NULL,
  `email` varchar(191) COLLATE utf8mb4_unicode_ci NOT NULL,
  `email_verified_at` timestamp NULL DEFAULT NULL,
  `username` varchar(16) COLLATE utf8mb4_unicode_ci NOT NULL,
  `password` varchar(191) COLLATE utf8mb4_unicode_ci NOT NULL,
  `profile_picture` varchar(128) COLLATE utf8mb4_unicode_ci DEFAULT NULL,
  `role` varchar(32) COLLATE utf8mb4_unicode_ci DEFAULT '0' COMMENT '1 = admin, 2 = customer',
  `register_date` datetime DEFAULT NULL
) ENGINE=InnoDB DEFAULT CHARSET=utf8mb4 COLLATE=utf8mb4_unicode_ci;

--
-- Dumping data for table `users`
--

INSERT INTO `users` (`id`, `name`, `email`, `email_verified_at`, `username`, `password`, `profile_picture`, `role`, `register_date`) VALUES
(1, 'Admin Rocket chicken', 'admin@local.test', NULL, 'admin', '$2y$10$Brm3RNWFKvZ1e0ej1vBz9.QbFMW21q0l/iDSt5aDOoGj9zlLFuxh6', 'agung1.png', 'admin', NULL),
(7, 'Customer Toko Sayur', 'customer@local.test', NULL, 'customer', '$2y$10$6C/A5Yy1gt4yhStWDWN1M.isBaznzDc.MZJdIj7UddW3.qIX5vDvK', NULL, 'customer', '2020-03-29 08:14:30'),
(9, NULL, 'user@gmail.com', NULL, 'user', '$2y$10$HJZRkdqrrAzIgQcbh6CWEOoZA0FIz6pkkFeADeaAJc.JBMrAndjgK', NULL, 'customer', '2022-04-03 16:33:15');

--
-- Indexes for dumped tables
--

--
-- Indexes for table `ci_sessions`
--
ALTER TABLE `ci_sessions`
  ADD KEY `ci_sessions_timestamp` (`timestamp`);

--
-- Indexes for table `contacts`
--
ALTER TABLE `contacts`
  ADD PRIMARY KEY (`id`),
  ADD KEY `FK_contacts_contacts` (`parent_id`);

--
-- Indexes for table `coupons`
--
ALTER TABLE `coupons`
  ADD PRIMARY KEY (`id`);

--
-- Indexes for table `customers`
--
ALTER TABLE `customers`
  ADD PRIMARY KEY (`id`),
  ADD KEY `FK_customers_users` (`user_id`);

--
-- Indexes for table `orders`
--
ALTER TABLE `orders`
  ADD PRIMARY KEY (`id`),
  ADD KEY `FK_orders_users` (`user_id`),
  ADD KEY `FK_orders_coupons` (`coupon_id`);

--
-- Indexes for table `order_items`
--
ALTER TABLE `order_items`
  ADD PRIMARY KEY (`id`),
  ADD KEY `order_id` (`order_id`),
  ADD KEY `product_id` (`product_id`);

--
-- Indexes for table `payments`
--
ALTER TABLE `payments`
  ADD PRIMARY KEY (`id`),
  ADD KEY `order_id` (`order_id`);

--
-- Indexes for table `products`
--
ALTER TABLE `products`
  ADD PRIMARY KEY (`id`),
  ADD KEY `FK_products_product_category` (`category_id`);

--
-- Indexes for table `product_category`
--
ALTER TABLE `product_category`
  ADD PRIMARY KEY (`id`);

--
-- Indexes for table `reviews`
--
ALTER TABLE `reviews`
  ADD PRIMARY KEY (`id`),
  ADD KEY `FK_reviews_users` (`user_id`),
  ADD KEY `FK_reviews_orders` (`order_id`);

--
-- Indexes for table `settings`
--
ALTER TABLE `settings`
  ADD PRIMARY KEY (`id`) USING BTREE;

--
-- Indexes for table `users`
--
ALTER TABLE `users`
  ADD PRIMARY KEY (`id`) USING BTREE,
  ADD UNIQUE KEY `users_email_unique` (`email`) USING BTREE;

--
-- AUTO_INCREMENT for dumped tables
--

--
-- AUTO_INCREMENT for table `contacts`
--
ALTER TABLE `contacts`
  MODIFY `id` int(10) NOT NULL AUTO_INCREMENT, AUTO_INCREMENT=4;

--
-- AUTO_INCREMENT for table `coupons`
--
ALTER TABLE `coupons`
  MODIFY `id` bigint(20) NOT NULL AUTO_INCREMENT, AUTO_INCREMENT=6;

--
-- AUTO_INCREMENT for table `customers`
--
ALTER TABLE `customers`
  MODIFY `id` bigint(20) NOT NULL AUTO_INCREMENT, AUTO_INCREMENT=9;

--
-- AUTO_INCREMENT for table `orders`
--
ALTER TABLE `orders`
  MODIFY `id` bigint(20) NOT NULL AUTO_INCREMENT, AUTO_INCREMENT=19;

--
-- AUTO_INCREMENT for table `order_items`
--
ALTER TABLE `order_items`
  MODIFY `id` bigint(20) NOT NULL AUTO_INCREMENT, AUTO_INCREMENT=26;

--
-- AUTO_INCREMENT for table `payments`
--
ALTER TABLE `payments`
  MODIFY `id` bigint(20) NOT NULL AUTO_INCREMENT, AUTO_INCREMENT=10;

--
-- AUTO_INCREMENT for table `products`
--
ALTER TABLE `products`
  MODIFY `id` bigint(20) NOT NULL AUTO_INCREMENT, AUTO_INCREMENT=15;

--
-- AUTO_INCREMENT for table `product_category`
--
ALTER TABLE `product_category`
  MODIFY `id` int(10) NOT NULL AUTO_INCREMENT, AUTO_INCREMENT=9;

--
-- AUTO_INCREMENT for table `reviews`
--
ALTER TABLE `reviews`
  MODIFY `id` bigint(20) NOT NULL AUTO_INCREMENT, AUTO_INCREMENT=6;

--
-- AUTO_INCREMENT for table `settings`
--
ALTER TABLE `settings`
  MODIFY `id` int(10) NOT NULL AUTO_INCREMENT, AUTO_INCREMENT=13;

--
-- AUTO_INCREMENT for table `users`
--
ALTER TABLE `users`
  MODIFY `id` bigint(20) UNSIGNED NOT NULL AUTO_INCREMENT, AUTO_INCREMENT=10;

--
-- Constraints for dumped tables
--

--
-- Constraints for table `contacts`
--
ALTER TABLE `contacts`
  ADD CONSTRAINT `FK_contacts_contacts` FOREIGN KEY (`parent_id`) REFERENCES `contacts` (`id`) ON DELETE CASCADE ON UPDATE NO ACTION;

--
-- Constraints for table `customers`
--
ALTER TABLE `customers`
  ADD CONSTRAINT `FK_customers_users` FOREIGN KEY (`user_id`) REFERENCES `users` (`id`) ON DELETE NO ACTION ON UPDATE CASCADE;

--
-- Constraints for table `orders`
--
ALTER TABLE `orders`
  ADD CONSTRAINT `FK_orders_coupons` FOREIGN KEY (`coupon_id`) REFERENCES `coupons` (`id`) ON DELETE SET NULL ON UPDATE CASCADE,
  ADD CONSTRAINT `FK_orders_users` FOREIGN KEY (`user_id`) REFERENCES `users` (`id`) ON DELETE NO ACTION ON UPDATE CASCADE;

--
-- Constraints for table `order_items`
--
ALTER TABLE `order_items`
  ADD CONSTRAINT `order_items_ibfk_1` FOREIGN KEY (`order_id`) REFERENCES `orders` (`id`) ON DELETE CASCADE ON UPDATE NO ACTION,
  ADD CONSTRAINT `order_items_ibfk_2` FOREIGN KEY (`product_id`) REFERENCES `products` (`id`) ON DELETE CASCADE ON UPDATE NO ACTION;

--
-- Constraints for table `products`
--
ALTER TABLE `products`
  ADD CONSTRAINT `products_ibfk_1` FOREIGN KEY (`category_id`) REFERENCES `product_category` (`id`);

--
-- Constraints for table `reviews`
--
ALTER TABLE `reviews`
  ADD CONSTRAINT `reviews_ibfk_1` FOREIGN KEY (`user_id`) REFERENCES `users` (`id`);
COMMIT;

/*!40101 SET CHARACTER_SET_CLIENT=@OLD_CHARACTER_SET_CLIENT */;
/*!40101 SET CHARACTER_SET_RESULTS=@OLD_CHARACTER_SET_RESULTS */;
/*!40101 SET COLLATION_CONNECTION=@OLD_COLLATION_CONNECTION */;
